<?xml version="1.0" encoding="UTF-8"?>
<GenRun Id="synth_1" LaunchPart="xc7z020clg400-1" LaunchTime="1659358819">
  <File Type="PA-TCL" Name="system_wrapper.tcl"/>
  <File Type="REPORTS-TCL" Name="system_wrapper_reports.tcl"/>
  <File Type="RDS-RDS" Name="system_wrapper.vds"/>
  <File Type="RDS-UTIL" Name="system_wrapper_utilization_synth.rpt"/>
  <File Type="RDS-UTIL-PB" Name="system_wrapper_utilization_synth.pb"/>
  <File Type="RDS-DCP" Name="system_wrapper.dcp"/>
  <FileSet Name="sources" Type="DesignSrcs" RelSrcDir="$PSRCDIR/sources_1" RelGenDir="$PGENDIR/sources_1">
    <Filter Type="Srcs"/>
    <File Path="$PSRCDIR/sources_1/bd/system/system.bd">
      <FileInfo>
        <Attr Name="ImportPath" Val="D:/WorkRaduV/Projects/Zybo-Z7/hw/proj/hw.srcs/sources_1/bd/system/system.bd"/>
        <Attr Name="ImportTime" Val="1659359294"/>
        <Attr Name="UsedIn" Val="synthesis"/>
        <Attr Name="UsedIn" Val="implementation"/>
        <Attr Name="UsedIn" Val="simulation"/>
      </FileInfo>
    </File>
    <File Path="$PSRCDIR/sources_1/imports/hdl/system_wrapper.v">
      <FileInfo>
        <Attr Name="ImportPath" Val="D:/WorkRaduV/Projects/Zybo-Z7/hw/proj/hw.gen/sources_1/bd/system/hdl/system_wrapper.v"/>
        <Attr Name="ImportTime" Val="1659358737"/>
        <Attr Name="UsedIn" Val="synthesis"/>
        <Attr Name="UsedIn" Val="implementation"/>
        <Attr Name="UsedIn" Val="simulation"/>
      </FileInfo>
    </File>
    <Config>
      <Option Name="DesignMode" Val="RTL"/>
      <Option Name="TopModule" Val="system_wrapper"/>
    </Config>
  </FileSet>
  <FileSet Name="constrs_in" Type="Constrs" RelSrcDir="$PSRCDIR/constrs_1">
    <Filter Type="Constrs"/>
    <File Path="$PSRCDIR/constrs_1/imports/constraints/Zybo-Z7.xdc">
      <FileInfo>
        <Attr Name="ImportPath" Val="D:/WorkRaduV/Projects/Zybo-Z7/hw/src/constraints/Zybo-Z7.xdc"/>
        <Attr Name="ImportTime" Val="1659357302"/>
        <Attr Name="UsedIn" Val="synthesis"/>
        <Attr Name="UsedIn" Val="implementation"/>
      </FileInfo>
    </File>
    <Config>
      <Option Name="ConstrsType" Val="XDC"/>
    </Config>
  </FileSet>
  <FileSet Name="utils" Type="Utils" RelSrcDir="$PSRCDIR/utils_1">
    <Filter Type="Utils"/>
    <Config>
      <Option Name="TopAutoSet" Val="TRUE"/>
    </Config>
  </FileSet>
  <Strategy Version="1" Minor="2">
    <StratHandle Name="Vivado Synthesis Defaults" Flow="Vivado Synthesis 2022"/>
    <Step Id="synth_design"/>
  </Strategy>
  <BlockFileSet Type="BlockSrcs" Name="system_xbar_0"/>
  <BlockFileSet Type="BlockSrcs" Name="system_auto_pc_0"/>
  <BlockFileSet Type="BlockSrcs" Name="system_auto_us_0"/>
  <BlockFileSet Type="BlockSrcs" Name="system_d_axi_i2s_audio_0_0"/>
  <BlockFileSet Type="BlockSrcs" Name="system_axi_dma_0_0"/>
  <BlockFileSet Type="BlockSrcs" Name="system_xbar_1"/>
  <BlockFileSet Type="BlockSrcs" Name="system_processing_system7_0_0"/>
  <BlockFileSet Type="BlockSrcs" Name="system_axi_gpio_0_0"/>
  <BlockFileSet Type="BlockSrcs" Name="system_axi_iic_0_0"/>
  <BlockFileSet Type="BlockSrcs" Name="system_rst_ps7_0_100M_0"/>
  <BlockFileSet Type="BlockSrcs" Name="system_auto_us_1"/>
  <BlockFileSet Type="BlockSrcs" Name="system_auto_pc_1"/>
</GenRun>
