<?xml version="1.0" encoding="UTF-8"?>
<GenRun Id="system_xbar_1_synth_1" LaunchPart="xc7z020clg400-1" LaunchTime="1659358819">
  <File Type="PA-TCL" Name="system_xbar_1.tcl"/>
  <File Type="REPORTS-TCL" Name="system_xbar_1_reports.tcl"/>
  <File Type="RDS-RDS" Name="system_xbar_1.vds"/>
  <File Type="RDS-UTIL" Name="system_xbar_1_utilization_synth.rpt"/>
  <File Type="RDS-UTIL-PB" Name="system_xbar_1_utilization_synth.pb"/>
  <File Type="RDS-DCP" Name="system_xbar_1.dcp"/>
  <FileSet Name="sources" Type="BlockSrcs" RelSrcDir="$PSRCDIR/system_xbar_1">
    <File Path="$PSRCDIR/sources_1/bd/system/ip/system_xbar_1/system_xbar_1.xci">
      <FileInfo>
        <Attr Name="ImportPath" Val="D:/WorkRaduV/Projects/Zybo-Z7/hw/proj/hw.srcs/sources_1/bd/system/ip/system_xbar_1/system_xbar_1.xci"/>
        <Attr Name="ImportTime" Val="1659358732"/>
        <Attr Name="UsedIn" Val="synthesis"/>
        <Attr Name="UsedIn" Val="implementation"/>
        <Attr Name="UsedIn" Val="simulation"/>
      </FileInfo>
    </File>
    <Config>
      <Option Name="TopModule" Val="system_xbar_1"/>
      <Option Name="UseBlackboxStub" Val="1"/>
    </Config>
  </FileSet>
  <FileSet Name="constrs_in" Type="BlockSrcs" RelSrcDir="$PSRCDIR/system_xbar_1">
    <File Path="$PSRCDIR/sources_1/bd/system/ip/system_xbar_1/system_xbar_1.xci">
      <FileInfo>
        <Attr Name="ImportPath" Val="D:/WorkRaduV/Projects/Zybo-Z7/hw/proj/hw.srcs/sources_1/bd/system/ip/system_xbar_1/system_xbar_1.xci"/>
        <Attr Name="ImportTime" Val="1659358732"/>
        <Attr Name="UsedIn" Val="synthesis"/>
        <Attr Name="UsedIn" Val="implementation"/>
        <Attr Name="UsedIn" Val="simulation"/>
      </FileInfo>
    </File>
    <Config>
      <Option Name="TopModule" Val="system_xbar_1"/>
      <Option Name="UseBlackboxStub" Val="1"/>
    </Config>
  </FileSet>
  <FileSet Name="utils" Type="Utils" RelSrcDir="$PSRCDIR/utils_1">
    <Filter Type="Utils"/>
    <Config>
      <Option Name="TopAutoSet" Val="TRUE"/>
    </Config>
  </FileSet>
  <Strategy Version="1" Minor="2">
    <StratHandle Name="Vivado Synthesis Defaults" Flow="Vivado Synthesis 2022"/>
    <Step Id="synth_design"/>
  </Strategy>
</GenRun>
